{
  "analysis_reference": "April 2026",
  "data_cutoff": "2026-04-30",
  "author": "Omkar Kondhalkar",
  "arctic": {
    "question": "Has the day-of-year of the Arctic SIA annual minimum shifted?",
    "last_complete_minimum_year": 2025,
    "product": "EUMETSAT OSI SAF Sea Ice Index v3.0 (NH SIA)",
    "doi": "10.15770/EUM_SAF_OSI_0023",
    "trend": {
      "slope_days_per_year": -0.07735892691951897,
      "intercept": 403.5108695652174,
      "r_value": -0.06834722956536009,
      "p_value": 0.6480433415660733,
      "std_err": 0.16833193611953937,
      "ci_lower": -0.4865259653244328,
      "ci_upper": 0.19391725092617876,
      "theil_sen_slope": 0.0625,
      "theil_sen_ci_lower": -0.09523809523809523,
      "theil_sen_ci_upper": 0.1875,
      "n_years": 47,
      "year_start": 1979,
      "year_end": 2025,
      "mean_doy": 248.63829787234042,
      "std_doy": 15.519168416642877,
      "slope_days_per_decade": -0.7735892691951897,
      "mann_kendall_p": null,
      "significant_at_0_05": false,
      "interpretation_direction": "earlier"
    },
    "nsidc_extent_sensitivity": {
      "slope_days_per_year": 0.07227104532839963,
      "intercept": 111.50485661424605,
      "r_value": 0.18849600537466268,
      "p_value": 0.20448519909600588,
      "std_err": 0.05613065662041181,
      "ci_lower": -0.037983795200052635,
      "ci_upper": 0.18329650376936588,
      "theil_sen_slope": 0.06666666666666667,
      "theil_sen_ci_lower": -0.0625,
      "theil_sen_ci_upper": 0.2,
      "n_years": 47,
      "year_start": 1979,
      "year_end": 2025,
      "mean_doy": 256.1914893617021,
      "std_doy": 5.257037923924461,
      "slope_days_per_decade": 0.7227104532839963,
      "mann_kendall_p": null,
      "significant_at_0_05": false,
      "interpretation_direction": "later"
    },
    "figure": "results/figures/arctic_sia_minimum_doy_trend.png"
  },
  "antarctic": {
    "question": "Has the day-of-year of Atka Bay fast-ice breakup shifted?",
    "station": "Neumayer III / Atka Bay",
    "network": "AFIN",
    "context": "SPOT emperor penguin observatory ~8 km from Neumayer III",
    "method": "Last AFIN transect survey date per austral season (PANGAEA 2010\u20132018)",
    "pangaea_bibliography": "10.1594/PANGAEA.908860",
    "era": "2010\u20132018",
    "trend": {
      "slope_days_per_year": 29.45,
      "intercept": -59104.411111111105,
      "r_value": 0.46373938312619767,
      "p_value": 0.2086275941242706,
      "std_err": 21.265819819433077,
      "ci_lower": -11.599499296046814,
      "ci_upper": 71.48759896658052,
      "theil_sen_slope": 5.5,
      "theil_sen_ci_lower": 1.0,
      "theil_sen_ci_upper": 81.75,
      "n_years": 9,
      "year_start": 2010,
      "year_end": 2018,
      "mean_doy": 207.88888888888889,
      "std_doy": 173.91696613933647,
      "slope_days_per_decade": 294.5,
      "mann_kendall_p": null,
      "significant_at_0_05": false,
      "interpretation_direction": "later"
    },
    "figure": "results/figures/antarctic_fast_ice_breakup_doy_trend.png"
  },
  "combined_figure": "results/figures/polar_ice_timing_comparison.png",
  "generated_at": "2026-07-01T14:03:51.977585+00:00"
}