region,n_pixels,r,p,n_years
Beaufort,1002,0.007754368305668487,0.9596802758354687,45
Kara,1916,-0.11467695838946217,0.45318925664763365,45
MIZ,2607,-0.1319127432771791,0.38770879988199763,45
