{
  "early_tercile_years": [
    2005,
    2011,
    2019,
    1980,
    1997,
    1979,
    1986,
    2008,
    2009,
    1985,
    2017,
    1992,
    2004,
    2021,
    2003
  ],
  "late_tercile_years": [
    2014,
    2010,
    2025,
    2023,
    2018,
    2020,
    1981,
    1996,
    1989,
    2001,
    2013,
    1991,
    2007,
    2006,
    1995
  ],
  "n_years": 45,
  "year_range": [
    1979,
    2025
  ],
  "mean_r_ocean": -0.012607519514858723,
  "n_valid_ocean_cells": 15883,
  "n_nominal_p_lt_0.05_uncorrected": 442,
  "n_significant_after_fdr_q0.05": 0,
  "expected_false_positives_at_alpha_0.05": 794.2,
  "region_mean_tests": [
    {
      "region": "Beaufort",
      "n_pixels": 1002,
      "r": 0.007754368305668487,
      "p": 0.9596802758354687,
      "n_years": 45
    },
    {
      "region": "Kara",
      "n_pixels": 1916,
      "r": -0.11467695838946217,
      "p": 0.45318925664763365,
      "n_years": 45
    },
    {
      "region": "MIZ",
      "n_pixels": 2607,
      "r": -0.1319127432771791,
      "p": 0.38770879988199763,
      "n_years": 45
    }
  ],
  "interpretation": "Pixel-wise correlations do not survive multiple-comparison correction; region-averaged tests (see region_mean_tests.csv) are the statistically defensible summary."
}